fileName,nNodes,nEdges,DijkstraArray,DijkstraHeap,Spfa
data/10000EWD.txt,10000,123462,0.012998,0.008539,0.005466
data/1000EWD.txt,1000,16866,0.00096,0.000671,0.00053
data/mediumEWD.txt,250,2546,0.000102,0.000128,8e-05
data/NYC.txt,264346,733846,0.911318,0.160963,5.73723
data/rome99.txt,3353,8870,0.001707,0.001092,0.003114
data/tinyEWD.txt,8,15,4e-06,3e-06,3e-06
