fileName,nNodes,nEdges,DijkstraArray,DijkstraHeap,Spfa
data/10000EWD.txt,10000,123462,0.012171,0.007201,0.007318
data/1000EWD.txt,1000,16866,0.00061,0.000636,0.000505
data/mediumEWD.txt,250,2546,9.4e-05,9.4e-05,7.4e-05
data/NYC.txt,264346,733846,0.917483,0.160269,5.79622
data/rome99.txt,3353,8870,0.001785,0.001587,0.002088
data/tinyEWD.txt,8,15,4e-06,3e-06,1.4e-05
