fileName,nNodes,nEdges,DijkstraArray,DijkstraHeap,Spfa
data/10000EWD.txt,10000,123462,0.014474,0.005572,0.003579
data/1000EWD.txt,1000,16866,0.000674,0.000741,0.000324
data/mediumEWD.txt,250,2546,0.000102,0.000107,6.2e-05
data/NYC.txt,264346,733846,0.798116,0.14404,4.97563
data/rome99.txt,3353,8870,0.001845,0.000998,0.002137
data/tinyEWD.txt,8,15,6e-06,4e-06,4e-06
